<?xml version="1.0" encoding="UTF-8"?>
<metadata xml:lang="en"><Esri><CreaDate>20230609</CreaDate><CreaTime>09493200</CreaTime><ArcGISFormat>1.0</ArcGISFormat><SyncOnce>FALSE</SyncOnce><DataProperties><lineage><Process ToolSource="c:\program files (x86)\arcgis\desktop10.6\ArcToolbox\Toolboxes\Data Management Tools.tbx\Project" Date="20221007" Time="165637">Project WDPA_Oct2022_Public_shp-polygons0 "E:\kent\GIS\external data\WDPA_Oct2022_Public_shp\WDPA_Oct2022_Public_shp_0\proj0.shp" PROJCS['Asia_South_Albers_Equal_Area_Conic',GEOGCS['GCS_WGS_1984',DATUM['D_WGS_1984',SPHEROID['WGS_1984',6378137.0,298.257223563]],PRIMEM['Greenwich',0.0],UNIT['Degree',0.0174532925199433]],PROJECTION['Albers'],PARAMETER['False_Easting',0.0],PARAMETER['False_Northing',0.0],PARAMETER['Central_Meridian',125.0],PARAMETER['Standard_Parallel_1',7.0],PARAMETER['Standard_Parallel_2',-32.0],PARAMETER['Latitude_Of_Origin',-15.0],UNIT['Meter',1.0]] # GEOGCS['GCS_WGS_1984',DATUM['D_WGS_1984',SPHEROID['WGS_1984',6378137.0,298.257223563]],PRIMEM['Greenwich',0.0],UNIT['Degree',0.0174532925199433]] NO_PRESERVE_SHAPE # NO_VERTICAL</Process><Process ToolSource="c:\program files (x86)\arcgis\desktop10.6\ArcToolbox\Toolboxes\Analysis Tools.tbx\Clip" Date="20221007" Time="170334">Clip proj0 "C:\Users\domin\Desktop\New folder (3)\sumatra_complete_shape_proj.shp" "E:\kent\GIS\external data\WDPA_Oct2022_Public_shp\WDPA_Oct2022_Public_shp_0\projclip0.shp" #</Process><Process ToolSource="c:\program files (x86)\arcgis\desktop10.6\ArcToolbox\Toolboxes\Data Management Tools.tbx\Merge" Date="20221007" Time="170711">Merge projclip0;projclip1;projclip2 "E:\kent\GIS\external data\WDPA_Oct2022_Public_shp\wdpa_proj_clip_merged.shp" "WDPAID "WDPAID" true true false 19 Double 0 0 ,First,#,projclip0,WDPAID,-1,-1,projclip1,WDPAID,-1,-1,projclip2,WDPAID,-1,-1;WDPA_PID "WDPA_PID" true true false 52 Text 0 0 ,First,#,projclip0,WDPA_PID,-1,-1,projclip1,WDPA_PID,-1,-1,projclip2,WDPA_PID,-1,-1;PA_DEF "PA_DEF" true true false 20 Text 0 0 ,First,#,projclip0,PA_DEF,-1,-1,projclip1,PA_DEF,-1,-1,projclip2,PA_DEF,-1,-1;NAME "NAME" true true false 254 Text 0 0 ,First,#,projclip0,NAME,-1,-1,projclip1,NAME,-1,-1,projclip2,NAME,-1,-1;ORIG_NAME "ORIG_NAME" true true false 254 Text 0 0 ,First,#,projclip0,ORIG_NAME,-1,-1,projclip1,ORIG_NAME,-1,-1,projclip2,ORIG_NAME,-1,-1;DESIG "DESIG" true true false 254 Text 0 0 ,First,#,projclip0,DESIG,-1,-1,projclip1,DESIG,-1,-1,projclip2,DESIG,-1,-1;DESIG_ENG "DESIG_ENG" true true false 254 Text 0 0 ,First,#,projclip0,DESIG_ENG,-1,-1,projclip1,DESIG_ENG,-1,-1,projclip2,DESIG_ENG,-1,-1;DESIG_TYPE "DESIG_TYPE" true true false 20 Text 0 0 ,First,#,projclip0,DESIG_TYPE,-1,-1,projclip1,DESIG_TYPE,-1,-1,projclip2,DESIG_TYPE,-1,-1;IUCN_CAT "IUCN_CAT" true true false 20 Text 0 0 ,First,#,projclip0,IUCN_CAT,-1,-1,projclip1,IUCN_CAT,-1,-1,projclip2,IUCN_CAT,-1,-1;INT_CRIT "INT_CRIT" true true false 100 Text 0 0 ,First,#,projclip0,INT_CRIT,-1,-1,projclip1,INT_CRIT,-1,-1,projclip2,INT_CRIT,-1,-1;MARINE "MARINE" true true false 20 Text 0 0 ,First,#,projclip0,MARINE,-1,-1,projclip1,MARINE,-1,-1,projclip2,MARINE,-1,-1;REP_M_AREA "REP_M_AREA" true true false 19 Double 0 0 ,First,#,projclip0,REP_M_AREA,-1,-1,projclip1,REP_M_AREA,-1,-1,projclip2,REP_M_AREA,-1,-1;GIS_M_AREA "GIS_M_AREA" true true false 19 Double 0 0 ,First,#,projclip0,GIS_M_AREA,-1,-1,projclip1,GIS_M_AREA,-1,-1,projclip2,GIS_M_AREA,-1,-1;REP_AREA "REP_AREA" true true false 19 Double 0 0 ,First,#,projclip0,REP_AREA,-1,-1,projclip1,REP_AREA,-1,-1,projclip2,REP_AREA,-1,-1;GIS_AREA "GIS_AREA" true true false 19 Double 0 0 ,First,#,projclip0,GIS_AREA,-1,-1,projclip1,GIS_AREA,-1,-1,projclip2,GIS_AREA,-1,-1;NO_TAKE "NO_TAKE" true true false 50 Text 0 0 ,First,#,projclip0,NO_TAKE,-1,-1,projclip1,NO_TAKE,-1,-1,projclip2,NO_TAKE,-1,-1;NO_TK_AREA "NO_TK_AREA" true true false 19 Double 0 0 ,First,#,projclip0,NO_TK_AREA,-1,-1,projclip1,NO_TK_AREA,-1,-1,projclip2,NO_TK_AREA,-1,-1;STATUS "STATUS" true true false 100 Text 0 0 ,First,#,projclip0,STATUS,-1,-1,projclip1,STATUS,-1,-1,projclip2,STATUS,-1,-1;STATUS_YR "STATUS_YR" true true false 10 Long 0 10 ,First,#,projclip0,STATUS_YR,-1,-1,projclip1,STATUS_YR,-1,-1,projclip2,STATUS_YR,-1,-1;GOV_TYPE "GOV_TYPE" true true false 254 Text 0 0 ,First,#,projclip0,GOV_TYPE,-1,-1,projclip1,GOV_TYPE,-1,-1,projclip2,GOV_TYPE,-1,-1;OWN_TYPE "OWN_TYPE" true true false 254 Text 0 0 ,First,#,projclip0,OWN_TYPE,-1,-1,projclip1,OWN_TYPE,-1,-1,projclip2,OWN_TYPE,-1,-1;MANG_AUTH "MANG_AUTH" true true false 254 Text 0 0 ,First,#,projclip0,MANG_AUTH,-1,-1,projclip1,MANG_AUTH,-1,-1,projclip2,MANG_AUTH,-1,-1;MANG_PLAN "MANG_PLAN" true true false 254 Text 0 0 ,First,#,projclip0,MANG_PLAN,-1,-1,projclip1,MANG_PLAN,-1,-1,projclip2,MANG_PLAN,-1,-1;VERIF "VERIF" true true false 20 Text 0 0 ,First,#,projclip0,VERIF,-1,-1,projclip1,VERIF,-1,-1,projclip2,VERIF,-1,-1;METADATAID "METADATAID" true true false 10 Long 0 10 ,First,#,projclip0,METADATAID,-1,-1,projclip1,METADATAID,-1,-1,projclip2,METADATAID,-1,-1;SUB_LOC "SUB_LOC" true true false 100 Text 0 0 ,First,#,projclip0,SUB_LOC,-1,-1,projclip1,SUB_LOC,-1,-1,projclip2,SUB_LOC,-1,-1;PARENT_ISO "PARENT_ISO" true true false 50 Text 0 0 ,First,#,projclip0,PARENT_ISO,-1,-1,projclip1,PARENT_ISO,-1,-1,projclip2,PARENT_ISO,-1,-1;ISO3 "ISO3" true true false 50 Text 0 0 ,First,#,projclip0,ISO3,-1,-1,projclip1,ISO3,-1,-1,projclip2,ISO3,-1,-1;SUPP_INFO "SUPP_INFO" true true false 254 Text 0 0 ,First,#,projclip0,SUPP_INFO,-1,-1,projclip1,SUPP_INFO,-1,-1,projclip2,SUPP_INFO,-1,-1;CONS_OBJ "CONS_OBJ" true true false 100 Text 0 0 ,First,#,projclip0,CONS_OBJ,-1,-1,projclip1,CONS_OBJ,-1,-1,projclip2,CONS_OBJ,-1,-1"</Process><Process ToolSource="e:\arcgis pro\Resources\ArcToolbox\toolboxes\Analysis Tools.tbx\Clip" Date="20230608" Time="170724">Clip "Sumatra\4. PA\wdpa_proj_clip_merged_manual_clean" aceh_province "E:\kent\GIS\edit\wdpa aceh.shp" #</Process><Process ToolSource="e:\arcgis pro\Resources\ArcToolbox\toolboxes\Data Management Tools.tbx\Copy" Date="20230609" Time="094932">Copy "E:\kent\GIS\edit\wdpa aceh.shp" "E:\github\Prioritizr-rmarkdown\wdpa aceh_1.shp" Shapefile #</Process><Process ToolSource="e:\arcgis pro\Resources\ArcToolbox\toolboxes\Data Management Tools.tbx\Rename" Date="20230609" Time="094956">Rename "E:\github\Prioritizr-rmarkdown\wdpa aceh_1.shp" "E:\github\Prioritizr-rmarkdown\wdpa aceh.shp" ShapeFile</Process></lineage><itemProps><itemName Sync="TRUE">wdpa aceh</itemName><imsContentType Sync="TRUE">002</imsContentType><itemSize Sync="TRUE">0.000</itemSize><itemLocation><linkage Sync="TRUE">file://\\DESKTOP-5TDHQNP\E$\github\Prioritizr-rmarkdown\wdpa aceh_1</linkage><protocol Sync="TRUE">Local Area Network</protocol></itemLocation></itemProps><coordRef><type Sync="TRUE">Projected</type><geogcsn Sync="TRUE">GCS_WGS_1984</geogcsn><csUnits Sync="TRUE">Linear Unit: Meter (1.000000)</csUnits><projcsn Sync="TRUE">Asia_South_Albers_Equal_Area_Conic</projcsn><peXml Sync="TRUE">&lt;ProjectedCoordinateSystem xsi:type='typens:ProjectedCoordinateSystem' xmlns:xsi='http://www.w3.org/2001/XMLSchema-instance' xmlns:xs='http://www.w3.org/2001/XMLSchema' xmlns:typens='http://www.esri.com/schemas/ArcGIS/3.1.0'&gt;&lt;WKT&gt;PROJCS[&amp;quot;Asia_South_Albers_Equal_Area_Conic&amp;quot;,GEOGCS[&amp;quot;GCS_WGS_1984&amp;quot;,DATUM[&amp;quot;D_WGS_1984&amp;quot;,SPHEROID[&amp;quot;WGS_1984&amp;quot;,6378137.0,298.257223563]],PRIMEM[&amp;quot;Greenwich&amp;quot;,0.0],UNIT[&amp;quot;Degree&amp;quot;,0.0174532925199433]],PROJECTION[&amp;quot;Albers&amp;quot;],PARAMETER[&amp;quot;False_Easting&amp;quot;,0.0],PARAMETER[&amp;quot;False_Northing&amp;quot;,0.0],PARAMETER[&amp;quot;Central_Meridian&amp;quot;,125.0],PARAMETER[&amp;quot;Standard_Parallel_1&amp;quot;,7.0],PARAMETER[&amp;quot;Standard_Parallel_2&amp;quot;,-32.0],PARAMETER[&amp;quot;Latitude_Of_Origin&amp;quot;,-15.0],UNIT[&amp;quot;Meter&amp;quot;,1.0],AUTHORITY[&amp;quot;Esri&amp;quot;,102028]]&lt;/WKT&gt;&lt;XOrigin&gt;-21663300&lt;/XOrigin&gt;&lt;YOrigin&gt;-10280500&lt;/YOrigin&gt;&lt;XYScale&gt;207890747.36399788&lt;/XYScale&gt;&lt;ZOrigin&gt;-100000&lt;/ZOrigin&gt;&lt;ZScale&gt;10000&lt;/ZScale&gt;&lt;MOrigin&gt;-100000&lt;/MOrigin&gt;&lt;MScale&gt;10000&lt;/MScale&gt;&lt;XYTolerance&gt;0.001&lt;/XYTolerance&gt;&lt;ZTolerance&gt;0.001&lt;/ZTolerance&gt;&lt;MTolerance&gt;0.001&lt;/MTolerance&gt;&lt;HighPrecision&gt;true&lt;/HighPrecision&gt;&lt;WKID&gt;102028&lt;/WKID&gt;&lt;LatestWKID&gt;102028&lt;/LatestWKID&gt;&lt;/ProjectedCoordinateSystem&gt;</peXml></coordRef><copyHistory><copy source="E:\kent\GIS\edit\wdpa aceh" dest="\\DESKTOP-5TDHQNP\E$\github\Prioritizr-rmarkdown\wdpa aceh_1" date="20230609" time="09493200"></copy></copyHistory></DataProperties><SyncDate>20230608</SyncDate><SyncTime>17072200</SyncTime><ModDate>20230608</ModDate><ModTime>17072200</ModTime></Esri><dataIdInfo><envirDesc Sync="TRUE">Microsoft Windows 10 Version 10.0 (Build 19045) ; Esri ArcGIS 13.1.0.41833</envirDesc><dataLang><languageCode value="eng" Sync="TRUE"></languageCode><countryCode value="GBR" Sync="TRUE"></countryCode></dataLang><idCitation><resTitle Sync="TRUE">wdpa aceh</resTitle><presForm><PresFormCd value="005" Sync="TRUE"></PresFormCd></presForm></idCitation><spatRpType><SpatRepTypCd value="001" Sync="TRUE"></SpatRepTypCd></spatRpType></dataIdInfo><mdLang><languageCode value="eng" Sync="TRUE"></languageCode><countryCode value="GBR" Sync="TRUE"></countryCode></mdLang><mdChar><CharSetCd value="004" Sync="TRUE"></CharSetCd></mdChar><distInfo><distFormat><formatName Sync="TRUE">Shapefile</formatName></distFormat><distTranOps><transSize Sync="TRUE">0.000</transSize></distTranOps></distInfo><mdHrLv><ScopeCd value="005" Sync="TRUE"></ScopeCd></mdHrLv><mdHrLvName Sync="TRUE">dataset</mdHrLvName><refSysInfo><RefSystem><refSysID><identCode code="102028" Sync="TRUE"></identCode><idCodeSpace Sync="TRUE">Esri</idCodeSpace><idVersion Sync="TRUE">8.0.1</idVersion></refSysID></RefSystem></refSysInfo><spatRepInfo><VectSpatRep><geometObjs Name="wdpa aceh"><geoObjTyp><GeoObjTypCd value="002" Sync="TRUE"></GeoObjTypCd></geoObjTyp><geoObjCnt Sync="TRUE">0</geoObjCnt></geometObjs><topLvl><TopoLevCd value="001" Sync="TRUE"></TopoLevCd></topLvl></VectSpatRep></spatRepInfo><spdoinfo><ptvctinf><esriterm Name="wdpa aceh"><efeatyp Sync="TRUE">Simple</efeatyp><efeageom code="4" Sync="TRUE"></efeageom><esritopo Sync="TRUE">FALSE</esritopo><efeacnt Sync="TRUE">0</efeacnt><spindex Sync="TRUE">FALSE</spindex><linrefer Sync="TRUE">FALSE</linrefer></esriterm></ptvctinf></spdoinfo><eainfo><detailed Name="wdpa aceh"><enttyp><enttypl Sync="TRUE">wdpa aceh</enttypl><enttypt Sync="TRUE">Feature Class</enttypt><enttypc Sync="TRUE">0</enttypc></enttyp><attr><attrlabl Sync="TRUE">FID</attrlabl><attalias Sync="TRUE">FID</attalias><attrtype Sync="TRUE">OID</attrtype><attwidth Sync="TRUE">4</attwidth><atprecis Sync="TRUE">0</atprecis><attscale Sync="TRUE">0</attscale><attrdef Sync="TRUE">Internal feature number.</attrdef><attrdefs Sync="TRUE">Esri</attrdefs><attrdomv><udom Sync="TRUE">Sequential unique whole numbers that are automatically generated.</udom></attrdomv></attr><attr><attrlabl Sync="TRUE">Shape</attrlabl><attalias Sync="TRUE">Shape</attalias><attrtype Sync="TRUE">Geometry</attrtype><attwidth Sync="TRUE">0</attwidth><atprecis Sync="TRUE">0</atprecis><attscale Sync="TRUE">0</attscale><attrdef Sync="TRUE">Feature geometry.</attrdef><attrdefs Sync="TRUE">Esri</attrdefs><attrdomv><udom Sync="TRUE">Coordinates defining the features.</udom></attrdomv></attr><attr><attrlabl Sync="TRUE">WDPAID</attrlabl><attalias Sync="TRUE">WDPAID</attalias><attrtype Sync="TRUE">Double</attrtype><attwidth Sync="TRUE">19</attwidth><atprecis Sync="TRUE">0</atprecis><attscale Sync="TRUE">0</attscale></attr><attr><attrlabl Sync="TRUE">WDPA_PID</attrlabl><attalias Sync="TRUE">WDPA_PID</attalias><attrtype Sync="TRUE">String</attrtype><attwidth Sync="TRUE">52</attwidth><atprecis Sync="TRUE">0</atprecis><attscale Sync="TRUE">0</attscale></attr><attr><attrlabl Sync="TRUE">PA_DEF</attrlabl><attalias Sync="TRUE">PA_DEF</attalias><attrtype Sync="TRUE">String</attrtype><attwidth Sync="TRUE">20</attwidth><atprecis Sync="TRUE">0</atprecis><attscale Sync="TRUE">0</attscale></attr><attr><attrlabl Sync="TRUE">NAME</attrlabl><attalias Sync="TRUE">NAME</attalias><attrtype Sync="TRUE">String</attrtype><attwidth Sync="TRUE">254</attwidth><atprecis Sync="TRUE">0</atprecis><attscale Sync="TRUE">0</attscale></attr><attr><attrlabl Sync="TRUE">ORIG_NAME</attrlabl><attalias Sync="TRUE">ORIG_NAME</attalias><attrtype Sync="TRUE">String</attrtype><attwidth Sync="TRUE">254</attwidth><atprecis Sync="TRUE">0</atprecis><attscale Sync="TRUE">0</attscale></attr><attr><attrlabl Sync="TRUE">DESIG</attrlabl><attalias Sync="TRUE">DESIG</attalias><attrtype Sync="TRUE">String</attrtype><attwidth Sync="TRUE">254</attwidth><atprecis Sync="TRUE">0</atprecis><attscale Sync="TRUE">0</attscale></attr><attr><attrlabl Sync="TRUE">DESIG_ENG</attrlabl><attalias Sync="TRUE">DESIG_ENG</attalias><attrtype Sync="TRUE">String</attrtype><attwidth Sync="TRUE">254</attwidth><atprecis Sync="TRUE">0</atprecis><attscale Sync="TRUE">0</attscale></attr><attr><attrlabl Sync="TRUE">DESIG_TYPE</attrlabl><attalias Sync="TRUE">DESIG_TYPE</attalias><attrtype Sync="TRUE">String</attrtype><attwidth Sync="TRUE">20</attwidth><atprecis Sync="TRUE">0</atprecis><attscale Sync="TRUE">0</attscale></attr><attr><attrlabl Sync="TRUE">IUCN_CAT</attrlabl><attalias Sync="TRUE">IUCN_CAT</attalias><attrtype Sync="TRUE">String</attrtype><attwidth Sync="TRUE">20</attwidth><atprecis Sync="TRUE">0</atprecis><attscale Sync="TRUE">0</attscale></attr><attr><attrlabl Sync="TRUE">INT_CRIT</attrlabl><attalias Sync="TRUE">INT_CRIT</attalias><attrtype Sync="TRUE">String</attrtype><attwidth Sync="TRUE">100</attwidth><atprecis Sync="TRUE">0</atprecis><attscale Sync="TRUE">0</attscale></attr><attr><attrlabl Sync="TRUE">MARINE</attrlabl><attalias Sync="TRUE">MARINE</attalias><attrtype Sync="TRUE">String</attrtype><attwidth Sync="TRUE">20</attwidth><atprecis Sync="TRUE">0</atprecis><attscale Sync="TRUE">0</attscale></attr><attr><attrlabl Sync="TRUE">REP_M_AREA</attrlabl><attalias Sync="TRUE">REP_M_AREA</attalias><attrtype Sync="TRUE">Double</attrtype><attwidth Sync="TRUE">19</attwidth><atprecis Sync="TRUE">0</atprecis><attscale Sync="TRUE">0</attscale></attr><attr><attrlabl Sync="TRUE">GIS_M_AREA</attrlabl><attalias Sync="TRUE">GIS_M_AREA</attalias><attrtype Sync="TRUE">Double</attrtype><attwidth Sync="TRUE">19</attwidth><atprecis Sync="TRUE">0</atprecis><attscale Sync="TRUE">0</attscale></attr><attr><attrlabl Sync="TRUE">REP_AREA</attrlabl><attalias Sync="TRUE">REP_AREA</attalias><attrtype Sync="TRUE">Double</attrtype><attwidth Sync="TRUE">19</attwidth><atprecis Sync="TRUE">0</atprecis><attscale Sync="TRUE">0</attscale></attr><attr><attrlabl Sync="TRUE">GIS_AREA</attrlabl><attalias Sync="TRUE">GIS_AREA</attalias><attrtype Sync="TRUE">Double</attrtype><attwidth Sync="TRUE">19</attwidth><atprecis Sync="TRUE">0</atprecis><attscale Sync="TRUE">0</attscale></attr><attr><attrlabl Sync="TRUE">NO_TAKE</attrlabl><attalias Sync="TRUE">NO_TAKE</attalias><attrtype Sync="TRUE">String</attrtype><attwidth Sync="TRUE">50</attwidth><atprecis Sync="TRUE">0</atprecis><attscale Sync="TRUE">0</attscale></attr><attr><attrlabl Sync="TRUE">NO_TK_AREA</attrlabl><attalias Sync="TRUE">NO_TK_AREA</attalias><attrtype Sync="TRUE">Double</attrtype><attwidth Sync="TRUE">19</attwidth><atprecis Sync="TRUE">0</atprecis><attscale Sync="TRUE">0</attscale></attr><attr><attrlabl Sync="TRUE">STATUS</attrlabl><attalias Sync="TRUE">STATUS</attalias><attrtype Sync="TRUE">String</attrtype><attwidth Sync="TRUE">100</attwidth><atprecis Sync="TRUE">0</atprecis><attscale Sync="TRUE">0</attscale></attr><attr><attrlabl Sync="TRUE">STATUS_YR</attrlabl><attalias Sync="TRUE">STATUS_YR</attalias><attrtype Sync="TRUE">Integer</attrtype><attwidth Sync="TRUE">10</attwidth><atprecis Sync="TRUE">10</atprecis><attscale Sync="TRUE">0</attscale></attr><attr><attrlabl Sync="TRUE">GOV_TYPE</attrlabl><attalias Sync="TRUE">GOV_TYPE</attalias><attrtype Sync="TRUE">String</attrtype><attwidth Sync="TRUE">254</attwidth><atprecis Sync="TRUE">0</atprecis><attscale Sync="TRUE">0</attscale></attr><attr><attrlabl Sync="TRUE">OWN_TYPE</attrlabl><attalias Sync="TRUE">OWN_TYPE</attalias><attrtype Sync="TRUE">String</attrtype><attwidth Sync="TRUE">254</attwidth><atprecis Sync="TRUE">0</atprecis><attscale Sync="TRUE">0</attscale></attr><attr><attrlabl Sync="TRUE">MANG_AUTH</attrlabl><attalias Sync="TRUE">MANG_AUTH</attalias><attrtype Sync="TRUE">String</attrtype><attwidth Sync="TRUE">254</attwidth><atprecis Sync="TRUE">0</atprecis><attscale Sync="TRUE">0</attscale></attr><attr><attrlabl Sync="TRUE">MANG_PLAN</attrlabl><attalias Sync="TRUE">MANG_PLAN</attalias><attrtype Sync="TRUE">String</attrtype><attwidth Sync="TRUE">254</attwidth><atprecis Sync="TRUE">0</atprecis><attscale Sync="TRUE">0</attscale></attr><attr><attrlabl Sync="TRUE">VERIF</attrlabl><attalias Sync="TRUE">VERIF</attalias><attrtype Sync="TRUE">String</attrtype><attwidth Sync="TRUE">20</attwidth><atprecis Sync="TRUE">0</atprecis><attscale Sync="TRUE">0</attscale></attr><attr><attrlabl Sync="TRUE">METADATAID</attrlabl><attalias Sync="TRUE">METADATAID</attalias><attrtype Sync="TRUE">Integer</attrtype><attwidth Sync="TRUE">10</attwidth><atprecis Sync="TRUE">10</atprecis><attscale Sync="TRUE">0</attscale></attr><attr><attrlabl Sync="TRUE">SUB_LOC</attrlabl><attalias Sync="TRUE">SUB_LOC</attalias><attrtype Sync="TRUE">String</attrtype><attwidth Sync="TRUE">100</attwidth><atprecis Sync="TRUE">0</atprecis><attscale Sync="TRUE">0</attscale></attr><attr><attrlabl Sync="TRUE">PARENT_ISO</attrlabl><attalias Sync="TRUE">PARENT_ISO</attalias><attrtype Sync="TRUE">String</attrtype><attwidth Sync="TRUE">50</attwidth><atprecis Sync="TRUE">0</atprecis><attscale Sync="TRUE">0</attscale></attr><attr><attrlabl Sync="TRUE">ISO3</attrlabl><attalias Sync="TRUE">ISO3</attalias><attrtype Sync="TRUE">String</attrtype><attwidth Sync="TRUE">50</attwidth><atprecis Sync="TRUE">0</atprecis><attscale Sync="TRUE">0</attscale></attr><attr><attrlabl Sync="TRUE">SUPP_INFO</attrlabl><attalias Sync="TRUE">SUPP_INFO</attalias><attrtype Sync="TRUE">String</attrtype><attwidth Sync="TRUE">254</attwidth><atprecis Sync="TRUE">0</atprecis><attscale Sync="TRUE">0</attscale></attr><attr><attrlabl Sync="TRUE">CONS_OBJ</attrlabl><attalias Sync="TRUE">CONS_OBJ</attalias><attrtype Sync="TRUE">String</attrtype><attwidth Sync="TRUE">100</attwidth><atprecis Sync="TRUE">0</atprecis><attscale Sync="TRUE">0</attscale></attr></detailed></eainfo><mdDateSt Sync="TRUE">20230608</mdDateSt></metadata>
